source_id,psnr,ssim,lpips,top1_correct,samecat_top1_correct,correct_source_rank,restored_margin
vari-grip/bird-nest/08-06-2021_DJI_0089_322,0.4084083439624777,0.0017281174659729004,-0.00452057272195816,0.0,0.0,-1.142857142857143,0.013981001717703686
vari-grip/bird-nest/08-06-2021_DJI_0089_322_3,-0.18880865839031102,0.0007984212466648488,-0.0020130164921283444,0.1428571428571428,0.1428571428571428,-0.1428571428571428,0.0002872007233755969
vari-grip/bird-nest/08-06-2021_DJI_0285_392,0.1265693465197657,-0.005924710205623018,0.004253188148140935,-0.1428571428571429,-0.1428571428571429,1.1428571428571428,-0.002636381558009524
vari-grip/bird-nest/10-06-2021_DJI_0244_649_2,-0.8160576875769046,-0.016456961631774902,-0.003484749102166701,-0.1428571428571429,0.1428571428571428,8.714285714285714,-0.08510981713022503
vari-grip/bird-nest/10-06-2021_DJI_0270_657_5,-0.04081112475589066,0.000746437481471407,-0.006634906998702478,-0.1428571428571429,-0.1428571428571429,-0.7142857142857144,-0.015591016837528743
vari-grip/bird-nest/10-06-2021_DJI_0270_657_7,0.4330214982264735,0.0032727718353271484,-0.007699732269559584,0.28571428571428575,0.1428571428571429,-1.7142857142857144,0.0098120399883815
vari-grip/bird-nest/10-06-2021_DJI_0271_658_1,-0.37844519101021845,-0.00794439656393875,-0.004782153027398234,-0.14285714285714285,-0.14285714285714285,-3.857142857142857,0.0015341724668230387
vari-grip/bird-nest/10-06-2021_DJI_0271_658_2,0.8582686180416417,-0.00024835552488056134,0.012062558638198093,0.2857142857142857,0.14285714285714285,-3.0,0.0027765291077749762
vari-grip/bird-nest/10-06-2021_DJI_0271_658_6,0.2755105321404834,0.0003534129687717824,-7.283714200768954e-05,-0.2857142857142857,-0.2857142857142857,-2.8571428571428568,0.0010379637990679301
vari-grip/bird-nest/10-06-2021_DJI_0271_658_8,0.11105940196914688,-0.003905866827283555,0.005670793088419113,0.14285714285714285,0.14285714285714285,-0.4285714285714288,-0.010393517357962458
vari-grip/bird-nest/11-06-2021_DJI_0121_4_1,0.21529134159357,0.0013956853321620555,-0.008253872660653888,-0.1428571428571429,-0.1428571428571428,0.0,-0.0005098836762564068
vari-grip/bird-nest/11-06-2021_DJI_0121_4_4,0.5248304931449752,0.0011651345661708445,-0.006909193204981928,0.14285714285714285,0.14285714285714285,-1.0,0.005299483026776967
vari-grip/bird-nest/11-06-2021_DJI_0121_4_5,-0.38280512581632564,-0.0020579866000584035,0.0018846371344158064,0.2857142857142857,0.42857142857142855,-0.7142857142857144,0.0009166683469499564
vari-grip/bird-nest/11-06-2021_DJI_0132_6_0,-0.5485065124933222,-0.00215624911444523,-0.005507444696766922,0.0,-0.1428571428571429,0.0,0.00015422276088168565
vari-grip/bird-nest/11-06-2021_DJI_0132_6_6,-0.11993893613596285,9.800706590956665e-06,-0.008172931947878437,0.1428571428571428,0.0,-0.14285714285714302,7.893357958110186e-05
vari-grip/bird-nest/15-06-2021_DJI_0044_726,-0.22379224492141958,-0.0002599443708147797,-0.0013281024460281843,0.2857142857142857,0.1428571428571429,-0.2857142857142858,9.808370045252628e-05
vari-grip/bird-nest/15-06-2021_DJI_0044_726_6,-0.1628343659044873,-0.0006487199238367491,-0.004280869982072277,0.14285714285714285,0.14285714285714285,-1.714285714285714,0.021189042500087192
vari-grip/bird-nest/Fotos 02-12-2020_DJI_0492_vari_grip_56_4,-0.8347108158051562,-0.004377756799970323,-0.0016468970903328328,0.0,0.0,2.1428571428571423,-0.0011341486658368856
vari-grip/bird-nest/Fotos 02-12-2020_DJI_0492_vari_grip_57_0,1.1047132450988073,0.0028828723090036368,-0.02099945821932382,0.0,0.0,-0.2857142857142856,-0.0001323819160461622
vari-grip/bird-nest/Fotos 02-12-2020_DJI_0492_vari_grip_57_4,0.2817300641334981,0.002151872430528945,0.007017735391855212,0.2857142857142857,-0.1428571428571428,-0.9999999999999996,0.00041144234793525063
vari-grip/bird-nest/Fotos 17-11-2020_DJI_0289_vari_grip_478,-0.4823401982026496,0.003465456621987495,-0.021820340837751098,0.0,0.0,-0.1428571428571428,0.0004259007317679285
vari-grip/bird-nest/Fotos 17-11-2020_DJI_0303_vari_grip_479_0,-0.29927902636372394,-0.018664300441741943,0.012362639552780552,0.0,0.0,6.57142857142857,0.002252757549285899
vari-grip/bird-nest/Fotos 17-11-2020_DJI_0304_vari_grip_480,0.7583936242427889,0.016905435494014243,-0.012931827455759048,0.2857142857142857,0.0,-3.0,0.006923207214900388
vari-grip/bird-nest/Fotos 18-11-2020_DJI_0209_vari_grip_530_0,0.9112490049369946,-0.0024697950908115773,-0.006141426839998826,0.14285714285714285,0.0,0.0,-0.00018162386757988836
vari-grip/bird-nest/Fotos 18-11-2020_DJI_0209_vari_grip_530_3,-0.10743024911215215,-0.012209223849432793,0.005779569702489051,0.1428571428571428,0.1428571428571428,4.142857142857142,-0.010916130883353123
vari-grip/bird-nest/Fotos 19-11-2020_DJI_0140_vari_grip_571_3,0.5355096257516685,0.003970580441611138,-0.012357780975954913,0.1428571428571429,0.1428571428571428,-1.428571428571427,0.002658843994140632
vari-grip/bird-nest/Fotos 19-11-2020_DJI_0140_vari_grip_571_7,0.11965064838198458,0.0029983265059335684,-0.008888738495962945,0.0,-0.1428571428571428,1.8571428571428577,-0.004070154258183072
vari-grip/bird-nest/Fotos 19-11-2020_DJI_0149_vari_grip_573_0,-0.05645478570602336,-0.004012031214577827,-0.010432079434394892,-0.14285714285714285,0.14285714285714285,7.571428571428571,-0.014641957623617956
vari-grip/bird-nest/Fotos 19-11-2020_DJI_0149_vari_grip_573_4,0.49972017192116525,0.00797216381345478,-0.0072897800377437205,0.14285714285714285,0.14285714285714285,-3.0000000000000018,0.009275513035910444
vari-grip/bird-nest/Fotos 19-11-2020_DJI_0149_vari_grip_573_6,0.45146219229858175,0.010759259973253443,0.015346117317676544,0.0,0.0,-3.7142857142857135,0.04329081092561993
vari-grip/bird-nest/Fotos 19-11-2020_DJI_0150_vari_grip_574_0,-0.3062779692886153,-0.008459814957209932,0.012837185391358003,-0.1428571428571428,0.0,-1.0,0.0004118255206516999
vari-grip/bird-nest/Fotos 19-11-2020_DJI_0150_vari_grip_575_1,-1.232043500711356,-0.025880532605307427,-0.010843485593795776,-0.14285714285714285,-0.14285714285714285,5.142857142857143,-0.03036132880619593
vari-grip/bird-nest/Fotos 19-11-2020_DJI_0150_vari_grip_575_2,-0.1498460347451207,0.0008069106510707469,-0.006919766909309788,0.0,0.0,-1.9999999999999996,0.0017935293061392714
vari-grip/bird-nest/Fotos 19-11-2020_DJI_0151_vari_grip_577_2,0.08909959026862069,0.0031835266521998973,-0.004687865397759838,0.1428571428571428,0.1428571428571428,0.0,0.00016043867383684282
vari-grip/bird-nest/Fotos 19-11-2020_DJI_0151_vari_grip_577_3,0.045187849829495974,0.0008980546678816204,-0.009045417287520036,0.28571428571428575,0.0,-0.2857142857142856,-0.00033106122698102914
vari-grip/bird-nest/Fotos 19-11-2020_DJI_0151_vari_grip_577_4,-0.16696113010741698,0.005423426628112793,-0.0022518311494163223,0.1428571428571428,0.1428571428571428,-1.1428571428571423,0.002698293754032671
vari-grip/bird-nest/Fotos 20-11-2020_DJI_0210_vari_grip_683_2,-0.2217927599761218,-3.31061226981344e-05,-0.004418449210269099,0.0,0.0,-11.714285714285712,0.02205645612307955
vari-grip/bird-nest/Fotos 20-11-2020_DJI_0210_vari_grip_683_7,-0.5236718560901075,-0.015281617641448975,0.01364090612956459,0.0,0.0,0.2857142857142858,-0.0005127702440534286
vari-grip/bird-nest/Fotos 23-11-2020_DJI_0279_vari_grip_768_0,-0.667239878491312,-0.0038272993905204,0.0030995828232595335,-0.2857142857142857,-0.2857142857142857,1.2857142857142856,-0.0007855040686470711
vari-grip/bird-nest/Fotos 23-11-2020_DJI_0279_vari_grip_768_2,-0.06539308230963314,0.002548984118870279,0.009098768766437254,0.0,0.0,-0.8571428571428577,0.003518530300685326
vari-grip/bird-nest/Fotos 25-11-2020_DJI_0207_vari_grip_861_0,0.23360052913597684,0.006706374032156792,0.00022173566477640128,0.1428571428571429,0.0,-0.1428571428571428,0.0002200688634599713
vari-grip/bird-nest/Fotos 25-11-2020_DJI_0207_vari_grip_861_6,-0.6491923068978593,-0.0026505504335675445,0.005513758531638546,-0.2857142857142857,-0.2857142857142857,1.0,-0.0006401623998369284
vari-grip/bird-nest/Fotos 25-11-2020_DJI_0563_vari_grip_841_0,0.6692894352591168,0.010500703539167211,-0.0020646766892501722,0.14285714285714285,0.14285714285714285,-0.5714285714285712,0.0012342504092625233
vari-grip/bird-nest/Fotos 25-11-2020_DJI_0563_vari_grip_841_2,-1.0240520336611567,-0.01454372065407894,-0.004736399278044728,0.1428571428571429,0.1428571428571429,3.142857142857143,-0.004017293453216571
vari-grip/bird-nest/Fotos 25-11-2020_DJI_0563_vari_grip_841_4,-0.19942554607240837,-0.007476074354989204,-0.011383315282208595,-0.14285714285714285,-0.14285714285714285,4.428571428571429,-0.006042948790958942
vari-grip/bird-nest/Fotos 25-11-2020_DJI_0563_vari_grip_841_7,0.002260189375416388,0.0023017355373927684,-0.00589905093823162,0.0,0.0,5.428571428571429,-0.008166398320879231
vari-grip/bird-nest/Fotos 25-11-2020_DJI_0564_vari_grip_843,0.495400613178429,0.004119225910731661,0.005281460604497384,0.0,0.0,-4.714285714285715,0.010316831724984318
vari-grip/bird-nest/Fotos 25-11-2020_DJI_0564_vari_grip_843_1,0.43933203480306915,0.0027589883123125825,-0.006005207475806976,0.0,0.0,-9.714285714285714,0.03337662560599192
vari-grip/bird-nest/Fotos 25-11-2020_DJI_0564_vari_grip_843_2,-0.23658417914458596,-0.00788846186229164,-0.004305818251201132,0.0,0.0,1.7142857142857144,-0.0027996897697448717
vari-grip/bird-nest/Fotos 25-11-2020_DJI_0564_vari_grip_844,0.33363890128095974,-0.002452773707253608,-0.007404501949037828,0.0,0.0,3.285714285714286,-0.0036259463855198276
vari-grip/bird-nest/Fotos 25-11-2020_DJI_0564_vari_grip_844_4,0.04497068173019869,-0.009116121700831759,-0.002595667328153306,0.0,0.0,-0.4285714285714306,0.034705025809151795
vari-grip/bird-nest/Fotos 25-11-2020_DJI_0564_vari_grip_844_7,0.586233310110778,0.001435313905988389,-0.009619407621877504,-0.2857142857142857,-0.2857142857142857,0.7142857142857144,-0.0033349735396248567
vari-grip/bird-nest/Fotos 25-11-2020_DJI_0564_vari_grip_844_8,-0.03636398426737131,-0.0006906475339616414,-0.006637587611164383,0.0,0.0,3.7142857142857144,-0.0026651109967912993
vari-grip/bird-nest/Fotos 25-11-2020_DJI_0586_vari_grip_845,0.0030398552157215875,3.307206290104059e-05,-0.003684025790010148,0.0,0.0,0.0,-0.0001265151160103851
vari-grip/bird-nest/Fotos 25-11-2020_DJI_0586_vari_grip_845_2,0.07651273077231124,-0.0031190173966544332,-0.007721559277602569,0.0,0.0,0.8571428571428568,-0.026533143860953186
vari-grip/bird-nest/Fotos 25-11-2020_DJI_0586_vari_grip_845_7,-0.030022425594950164,-0.0008487360818045797,-0.006471214017697735,-0.14285714285714285,-0.14285714285714285,1.4285714285714288,-0.013851072107042589
vari-grip/bird-nest/Fotos 25-11-2020_DJI_0586_vari_grip_845_8,-0.21179869108496163,-0.0002225467136928172,-0.006505211283053675,-0.1428571428571428,-0.1428571428571428,0.2857142857142856,-6.410053798128592e-05
vari-grip/bird-nest/Fotos 25-11-2020_DJI_0586_vari_grip_846,-0.0018485722684786765,-0.0006121397018432617,-0.003938329539128732,0.0,-0.1428571428571428,0.2857142857142858,-3.3804348536958697e-06
vari-grip/bird-nest/Fotos 25-11-2020_DJI_0586_vari_grip_846_3,0.07023144639867951,0.002924621105194092,0.003848705440759659,0.14285714285714285,0.14285714285714285,-0.4285714285714284,-0.0008417708533150678
vari-grip/bird-nest/Fotos 25-11-2020_DJI_0586_vari_grip_846_4,0.706930244992531,0.001189546925680962,-0.00582426946078031,0.0,0.0,0.1428571428571428,-2.0001615796771445e-05
vari-grip/bird-nest/Fotos 25-11-2020_DJI_0588_vari_grip_847_1,-0.950285898086026,-0.005458444356918335,0.0065214051199810885,0.1428571428571428,0.0,-7.285714285714285,0.037765390904886426
vari-grip/bird-nest/Fotos 25-11-2020_DJI_0588_vari_grip_847_8,0.16644444225588018,0.001194902828761557,0.0032143901501383576,0.14285714285714285,0.14285714285714285,-0.1428571428571428,0.000314312321799114
vari-grip/bird-nest/Fotos 26-11-2020_DJI_0214_vari_grip_906_1,-0.14719042577067043,0.00501802989414768,-0.0004723045442785456,-0.14285714285714285,-0.14285714285714285,0.14285714285714413,-0.00247720309666223
vari-grip/bird-nest/Fotos 26-11-2020_DJI_0214_vari_grip_907,0.04752389041721372,0.006345416818346217,0.013898219381059923,0.14285714285714285,0.14285714285714285,1.2857142857142851,-0.0003900102206639
vari-grip/bird-nest/Fotos 26-11-2020_DJI_0215_vari_grip_908_3,0.12001841666165447,0.0016809446471077738,-0.0055333828287464915,0.1428571428571429,0.1428571428571429,1.2857142857142865,-0.0006220085280282568
vari-grip/bird-nest/Fotos 26-11-2020_DJI_0262_vari_grip_910,0.16773277152568866,0.001900408949170873,0.0006225412445409195,0.0,0.1428571428571429,-0.5714285714285712,0.0001481345721653345
vari-grip/bird-nest/Fotos 26-11-2020_DJI_0262_vari_grip_911,0.2907245961490048,0.0006680318287440867,0.0026280031140361593,0.0,0.0,2.0,-0.00175164427076067
vari-grip/bird-nest/Fotos 27-11-2020_DJI_0491_vari_grip_933_1,-0.50188116642871,-0.010888423238481826,0.008623717086655797,0.14285714285714285,0.0,0.42857142857142705,0.00134423800877162
vari-grip/bird-nest/Fotos 27-11-2020_DJI_0491_vari_grip_933_4,0.45266861660070035,0.008802967412131157,-0.011902618088892508,-0.1428571428571429,0.0,0.14285714285714324,0.0006535904748099569
vari-grip/bird-nest/Fotos 27-11-2020_DJI_0491_vari_grip_933_8,-0.0007825427388397088,0.001654122556958848,0.0039704287690775775,-0.28571428571428575,-0.4285714285714286,1.9999999999999998,-0.004945669855390272
vari-grip/bird-nest/Fotos 27-11-2020_DJI_0566_vari_grip_924_6,-0.2868757774774835,-0.006939419678279268,-0.0010322699589388473,0.14285714285714285,0.0,8.142857142857142,-0.021771354334695008
vari-grip/bird-nest/Fotos 27-11-2020_DJI_0566_vari_grip_925,0.40468758937223726,-0.0023567250796726613,-0.009730032246027684,0.0,0.0,-3.1428571428571432,0.008164976324353895
vari-grip/bird-nest/Fotos 27-11-2020_DJI_0566_vari_grip_925_2,-0.6647856301579331,-0.0026475020817348094,-0.0014730439122234706,0.0,0.28571428571428575,4.2857142857142865,-0.01946706431252615
vari-grip/bird-nest/Fotos 27-11-2020_DJI_0566_vari_grip_925_3,0.3890803166994452,0.005074526582445449,-0.006384362599679422,0.0,0.0,-7.7142857142857135,0.010034612246922085
vari-grip/bird-nest/Fotos 27-11-2020_DJI_0566_vari_grip_925_6,-0.16854467270255924,-0.01641271795545307,-0.0041679712012411,0.0,0.0,7.142857142857142,-0.030240254742758602
vari-grip/good/Fotos 01-12-2020_DJI_0079_vari_grip_51,-0.023356730521239655,0.00021366562162117297,0.00029324819999085316,0.0,0.0,0.0,-4.750490188598633e-05
vari-grip/good/Fotos 01-12-2020_DJI_0140_vari_grip_47,0.11127500978253835,0.0015160526548113618,-0.00014864493693625414,0.0,0.0,-7.571428571428571,0.014264353684016658
vari-grip/good/Fotos 01-12-2020_DJI_0199_vari_grip_41,0.23554675363282485,0.000832676887512207,0.0003448533160345657,0.0,0.0,0.0,-1.4483928680403835e-05
vari-grip/good/Fotos 01-12-2020_DJI_0342_vari_grip_32,-0.09675572254701237,-0.001181312969752768,-0.008940468941416063,0.28571428571428575,0.0,-0.2857142857142858,-2.154282161199875e-06
vari-grip/good/Fotos 01-12-2020_DJI_0402_vari_grip_29,0.11774943310938824,0.00015617268426071362,-0.003037367149123116,0.0,0.0,0.0,0.00012817553111484298
vari-grip/good/Fotos 01-12-2020_DJI_0457_vari_grip_24,-0.7470118464345887,-0.000808545521327364,0.006499867354120503,0.0,0.0,-0.5714285714285714,8.962835584368087e-05
vari-grip/good/Fotos 01-12-2020_DJI_0457_vari_grip_25,-0.17566508350000376,-0.0009015628269740672,0.01065711517419135,0.0,0.0,0.8571428571428568,-0.003276220389774875
vari-grip/good/Fotos 02-12-2020_DJI_0020_vari_grip_94,-0.2700292246629381,-0.00034383365086154694,0.0011241696774959148,-0.1428571428571429,-0.1428571428571429,0.2857142857142858,-7.304974964685387e-05
vari-grip/good/Fotos 02-12-2020_DJI_0132_vari_grip_88,0.588806311364138,0.0024887919425964355,-0.009884560480713858,0.0,0.0,0.0,3.992659705025713e-05
vari-grip/good/Fotos 02-12-2020_DJI_0194_vari_grip_84,0.5224929701021885,0.002505447183336562,-0.004569028903330996,0.0,0.0,0.0,0.000919997692108156
vari-grip/good/Fotos 02-12-2020_DJI_0367_vari_grip_65,0.25141319094691283,-0.001381346157618979,-0.0021232374544654653,-0.14285714285714285,-0.14285714285714285,-1.1428571428571432,0.00036059107099260844
vari-grip/good/Fotos 02-12-2020_DJI_0368_vari_grip_67,-0.21845299893162107,-0.0008591243198939891,0.0071104725024529955,0.0,0.0,-0.1428571428571428,-0.00011650153568811529
vari-grip/good/Fotos 02-12-2020_DJI_0374_vari_grip_71,0.5658000627324604,0.004669129848480225,0.00024178198405674922,0.1428571428571428,0.0,-1.1428571428571428,0.011001731668199784
vari-grip/good/Fotos 02-12-2020_DJI_0427_vari_grip_61,0.3326341965277422,0.0003637416022164164,-0.0029728634815130994,0.0,0.0,0.0,2.029963902062571e-05
vari-grip/good/Fotos 03-12-2020_DJI_0149_vari_grip_126,-0.17104938087175725,8.913448878700159e-05,-0.0030273507748331263,0.0,0.0,0.14285714285714302,5.8191163199274955e-05
vari-grip/good/Fotos 03-12-2020_DJI_0150_vari_grip_128,-0.05851937235873805,0.0007738811629158793,0.0005691997440797972,-0.1428571428571428,-0.1428571428571428,0.0,1.6655240740086038e-05
vari-grip/good/Fotos 03-12-2020_DJI_0457_vari_grip_110,0.6172416670328857,0.000992545059749106,-0.007716741678970213,0.1428571428571429,0.1428571428571429,-0.8571428571428572,6.448371069771701e-05
vari-grip/good/Fotos 03-12-2020_DJI_0561_vari_grip_100,0.4012513925512735,0.0007253459521702199,-0.004330304451286814,0.0,0.0,0.0,9.87734113420098e-06
vari-grip/good/Fotos 04-12-2020_DJI_0762_vari_grip_164,0.20081737671114652,9.844984327045392e-05,-0.0064005439302751155,0.0,0.0,0.0,0.00035784074238368567
vari-grip/good/Fotos 04-12-2020_DJI_0806_vari_grip_160,0.334429328046852,0.0004057884216308594,-0.004315002688339793,0.0,0.0,0.0,4.022462027413289e-05
vari-grip/good/Fotos 04-12-2020_DJI_0902_vari_grip_149,0.12132227496966408,-0.0002913475036621094,-0.00023935522351945307,0.0,-0.1428571428571429,0.4285714285714286,-2.771615982055713e-05
vari-grip/good/Fotos 04-12-2020_DJI_0950_vari_grip_142,0.25869415542540963,0.00025121654782966907,-0.006455255938427801,0.2857142857142857,0.2857142857142857,-0.2857142857142856,3.672497613089436e-05
vari-grip/good/Fotos 04-12-2020_DJI_0951_vari_grip_145,-0.0628824036421669,-0.00014158657618923431,0.0029673014900514355,0.28571428571428575,0.28571428571428575,3.8571428571428568,-0.0005415678024292038
vari-grip/good/Fotos 04-12-2020_DJI_0954_vari_grip_146,-0.4658659620906569,-0.00013143675667892651,0.0006159623818738358,0.14285714285714285,-0.1428571428571429,1.1428571428571432,-0.000882140227726529
vari-grip/good/Fotos 04-12-2020_DJI_1000 (2)_vari_grip_141,0.4837754923322102,0.011312033448900416,-0.007378083254609785,0.0,0.0,4.714285714285715,-0.02368410570280892
vari-grip/good/Fotos 07-12-2020_DJI_0059_vari_grip_192,0.7755712040189309,0.0013876727649143605,-0.009777425655296865,0.0,0.0,0.0,5.471706390379992e-05
vari-grip/good/Fotos 07-12-2020_DJI_0140_vari_grip_183,0.22674748203668216,-9.241274424953705e-05,-0.010433534426348534,0.0,0.0,-10.285714285714285,0.039148279598781054
vari-grip/good/Fotos 07-12-2020_DJI_0141_vari_grip_185,-0.312325042826167,-0.005468683583395806,-0.0003871042946619607,0.0,0.0,-0.1428571428571428,0.001031330653599314
vari-grip/good/Fotos 07-12-2020_DJI_0155_vari_grip_186,0.8159596545106176,0.005184020314897841,-0.022097195365599245,-0.14285714285714285,-0.14285714285714285,-4.571428571428571,0.015514211995261089
vari-grip/good/Fotos 07-12-2020_DJI_0187_vari_grip_179,0.5877703806116941,0.002540247780936089,-0.009366397878953395,0.0,0.0,-2.285714285714286,0.0038293514932904865
vari-grip/good/Fotos 08-12-2020_DJI_0452_vari_grip_225,-0.11335821073848962,5.173683166503906e-05,-0.006420363805123702,0.0,0.0,0.0,0.000998497009277329
vari-grip/good/Fotos 08-12-2020_DJI_0455_vari_grip_229,0.12793145163874087,-0.002869938101087266,0.0017108462218727305,-0.14285714285714285,-0.14285714285714285,-2.285714285714292,0.024256821189607924
vari-grip/good/Fotos 08-12-2020_DJI_0538_vari_grip_218,0.3480406688265809,0.009519091674259794,-0.012100747653416233,0.0,0.0,-1.5714285714285712,0.012157235826764798
vari-grip/good/Fotos 08-12-2020_DJI_0613_vari_grip_208,-0.06884513116371238,-0.0011479428836277394,-0.00364325248769351,0.1428571428571428,0.1428571428571428,-0.14285714285714324,3.3344541277212163e-05
vari-grip/good/Fotos 08-12-2020_DJI_0652_vari_grip_204,-0.04209614037642595,-7.643018450054218e-05,0.002235483378171907,0.0,0.0,0.1428571428571428,-0.00047067233494348635
vari-grip/good/Fotos 09-12-2020_DJI_0017_vari_grip_269,0.13352707380816753,0.000673702784946939,-0.006728656856077063,-0.1428571428571429,-0.1428571428571429,0.2857142857142856,8.310590471541108e-06
vari-grip/good/Fotos 09-12-2020_DJI_0018_vari_grip_271,0.09154098834403612,0.00012045247214176324,-0.0034892117338520823,0.2857142857142857,0.1428571428571428,-0.7142857142857144,0.006650601114545511
vari-grip/good/Fotos 09-12-2020_DJI_0056_vari_grip_263,-0.1391933323817156,-0.0003536854471479778,-0.0012212438242776014,0.0,0.0,0.0,-1.3283320835577941e-06
vari-grip/good/Fotos 09-12-2020_DJI_0102_vari_grip_261,0.64087565788099,0.0020491991724286285,-0.002692077841077528,0.0,0.0,0.2857142857142856,-6.491797310963667e-05
vari-grip/good/Fotos 09-12-2020_DJI_0143_vari_grip_249,0.570392110775714,0.0023410064833504496,-0.0024408288300037106,0.1428571428571428,0.1428571428571428,-0.4285714285714286,-3.507307597569731e-05
vari-grip/good/Fotos 09-12-2020_DJI_0144_vari_grip_252,-0.12805752137170145,-0.0007773722921098347,-0.0010890210313456022,0.0,0.0,0.0,-5.248614719938595e-05
vari-grip/good/Fotos 09-12-2020_DJI_0310_vari_grip_238,0.22021591470086221,-0.0010019966534206004,-0.008000210991927562,0.0,-0.1428571428571428,0.2857142857142858,-0.0006002528326851856
vari-grip/good/Fotos 09-12-2020_DJI_0348_vari_grip_233,-0.02360571057300831,2.4284635271376587e-05,-0.0017466688794749025,0.0,0.0,-2.142857142857143,-0.0045669589723859585
vari-grip/good/Fotos 10-12-2020_DJI_0020_vari_grip_327,0.30021572129893315,0.000170503343854711,-0.00767962554735796,0.0,0.0,0.7142857142857144,-0.006467827728816444
vari-grip/good/Fotos 10-12-2020_DJI_0024_vari_grip_332,-0.035962055513945046,0.002757430076599121,0.02109708956309725,0.2857142857142857,0.28571428571428575,-16.142857142857142,0.06597372463771271
vari-grip/good/Fotos 10-12-2020_DJI_0101_vari_grip_312,0.0968212158343924,0.00041677270616802264,-0.005582191050052671,0.0,0.0,0.0,-5.0399984632227765e-05
vari-grip/good/Fotos 10-12-2020_DJI_0140_vari_grip_300,0.18428666964673113,0.0004477586065020356,-0.0017193485317485643,0.0,0.0,0.0,8.812972477516534e-06
vari-grip/good/Fotos 10-12-2020_DJI_0182_vari_grip_295,-0.03350429693950474,-0.0010381766727992625,-0.012740190007856936,-0.1428571428571429,0.0,0.1428571428571428,-0.0022024938038417135
vari-grip/good/Fotos 10-12-2020_DJI_0182_vari_grip_296,0.7016643175905486,0.001143506595066568,-0.00999650013233934,0.0,0.0,0.0,2.225807734898425e-05
vari-grip/good/Fotos 10-12-2020_DJI_0184_vari_grip_299,-0.17649953861767642,0.001622617244720459,0.010062144803149375,0.0,0.0,0.0,0.000493815967014857
vari-grip/good/Fotos 10-12-2020_DJI_0258_vari_grip_282,0.5882569008041827,0.0007915922573634715,-0.004265617047037422,0.0,0.0,0.0,-2.469335283542852e-06
vari-grip/good/Fotos 10-12-2020_DJI_0259_vari_grip_283,-0.0032397738080192084,-0.00156347240720478,-0.00369901210069655,0.0,0.0,-0.7142857142857144,0.009577129568372457
vari-grip/good/Fotos 10-12-2020_DJI_0262_vari_grip_285,0.17003036962123375,0.002323840345655137,-0.0042041604007993505,0.0,0.0,-10.57142857142857,0.09409071505069733
vari-grip/good/Fotos 11-12-2020_DJI_0055_vari_grip_379,0.08607157521339914,0.0011436598641532125,-0.0038596375712326714,0.0,0.0,-1.857142857142857,0.0011267832347324714
vari-grip/good/Fotos 11-12-2020_DJI_0290_vari_grip_346,0.04767463010413664,0.005801132747105142,0.004531390964984894,0.0,0.1428571428571428,-2.571428571428572,0.015709485326494473
vari-grip/good/Fotos 14-12-2020_DJI_0433_vari_grip_399,-0.09515288655125076,-0.0031663009098598094,-0.0005207434296607971,0.0,0.0,1.1428571428571432,-0.002100501741681772
vari-grip/good/Fotos 14-12-2020_DJI_0624_vari_grip_392,0.6944702830084388,0.004041603633335611,-0.0008200673120362101,0.0,0.1428571428571429,-1.2857142857142858,0.004454144409724612
vari-grip/good/Fotos 16-11-2020_DJI_0110_vari_grip_439,-0.215164217899531,-2.8661319187772705e-05,-9.04854387044629e-05,0.0,0.0,-5.142857142857142,0.006729083401816214
vari-grip/good/Fotos 16-11-2020_DJI_0153_vari_grip_434,-0.38587752290847277,-0.011876830032893637,-0.0011693931051662831,0.1428571428571429,0.1428571428571428,1.9999999999999996,-0.0041031326566423765
vari-grip/good/Fotos 16-11-2020_DJI_0157_vari_grip_438,-0.3571518179484485,-0.0017269083431789012,0.0013267123805625336,-0.1428571428571429,0.0,0.8571428571428572,-0.001796245574951165
vari-grip/good/Fotos 16-12-2020_DJI_0034_vari_grip_475,-0.17236419452907725,-0.0014468601771763234,-0.0008739004177706899,0.1428571428571429,0.0,0.2857142857142856,-0.020759207861764103
vari-grip/good/Fotos 16-12-2020_DJI_0188_vari_grip_464,-0.08290463361610634,-0.0014965534210205078,-0.005624951528651376,0.0,0.0,0.0,-0.0035443902015686174
vari-grip/good/Fotos 16-12-2020_DJI_0404_vari_grip_450,0.317173129266866,-0.006433112280709419,-0.007515986050878248,0.0,0.1428571428571429,23.428571428571427,-0.16011257682527819
vari-grip/good/Fotos 17-11-2020_DJI_0106_vari_grip_493,0.17058862293420418,0.009729819638388482,-0.005186608859470948,0.0,0.0,-2.9999999999999982,0.01272246667316982
vari-grip/good/Fotos 17-11-2020_DJI_0120_vari_grip_496,1.1206135176073033,0.014196834393909952,-0.016335969258631997,0.0,0.0,3.999999999999999,0.012678853103092726
vari-grip/good/Fotos 17-11-2020_DJI_0121_vari_grip_497,0.2683613380104717,0.0013632518904550528,-0.00545006032500954,0.1428571428571428,0.0,-0.14285714285714302,0.0008454152515956505
vari-grip/good/Fotos 17-11-2020_DJI_0206_vari_grip_491,-0.45823120911972026,-0.0009517754827227387,0.007497865706682261,0.0,0.14285714285714285,-0.5714285714285716,0.00046096529279436474
vari-grip/good/Fotos 17-12-2020_DJI_0168_vari_grip_514,0.17047259069925857,0.005210391112736357,-0.008391156260456362,0.1428571428571428,0.1428571428571428,-0.2857142857142856,0.0005386301449367115
vari-grip/good/Fotos 18-11-2020_DJI_0070_vari_grip_548,-0.49799704865372263,-0.0007942063467842875,0.008708766528538359,0.0,0.0,0.0,0.0003299031938825142
vari-grip/good/Fotos 18-11-2020_DJI_0109_vari_grip_546,0.11212035950278931,-0.0030253444399153118,0.00356905534863472,-0.2857142857142857,-0.2857142857142857,0.8571428571428572,-0.0008018357413155238
vari-grip/good/Fotos 18-11-2020_DJI_0137_vari_grip_541,0.24382730638492234,-0.0011602129255021687,-0.008588350777115117,-0.1428571428571428,-0.1428571428571428,1.4285714285714286,-0.0017590778214590574
vari-grip/good/Fotos 18-11-2020_DJI_0246_vari_grip_528,0.43893375520477207,0.003359207085200655,-0.009987620769866867,0.0,0.0,0.0,0.0002689276422773142
vari-grip/good/Fotos 19-10-2020_DJI_0045_vari_grip_4,-0.03020127051237509,-4.525695528301288e-05,-0.0034288338252476402,0.14285714285714285,0.28571428571428575,0.1428571428571428,-0.0007824301719665545
vari-grip/good/Fotos 19-10-2020_DJI_0046_vari_grip_6,0.48568247915855167,0.001147193568093452,-0.007954868088875466,0.0,0.0,-0.9999999999999996,0.0003021359443664603
vari-grip/good/Fotos 19-10-2020_DJI_0046_vari_grip_7,0.21359420046785615,-0.0002955027988978953,-0.008618914655276672,0.1428571428571428,0.1428571428571428,-0.7142857142857117,0.003499284386634771
vari-grip/good/Fotos 19-10-2020_DJI_0083_vari_grip_15,0.5062382111853054,0.003111643450600776,-0.015361948204892034,0.1428571428571429,0.0,-0.2857142857142858,0.00025395836148944285
vari-grip/good/Fotos 19-10-2020_DJI_0084_vari_grip_16,0.024581180117042578,-0.0004310778209141164,-0.000497485910143175,-0.1428571428571429,-0.1428571428571428,0.8571428571428574,5.670956202916697e-06
vari-grip/good/Fotos 19-11-2020_DJI_0119_vari_grip_578,0.21077117875236695,0.003381116049630317,-0.0062002470450742,0.0,0.0,0.5714285714285716,-0.0011567984308515002
vari-grip/good/Fotos 19-11-2020_DJI_0199_vari_grip_562,-0.5400135895405498,-0.004313920225415879,0.015623944678476887,0.1428571428571428,0.1428571428571428,0.2857142857142856,-6.32320131574713e-05
vari-grip/good/Fotos 19-11-2020_DJI_0236_vari_grip_561,-0.5357088623874091,-0.020507548536573106,-0.0044761796348861405,-0.1428571428571428,-0.1428571428571428,9.571428571428571,-0.01331750835691179
vari-grip/good/Fotos 20-10-2020_DJI_0201_vari_grip_613,0.4173337501588179,-0.0001266002655029297,-0.003263089805841446,0.0,0.0,0.0,-0.00014732565198625688
vari-grip/good/Fotos 20-10-2020_DJI_0205_vari_grip_620,0.306036261855013,-0.00045935596738544415,-0.007336936358894611,0.0,0.0,0.0,0.00045566899435862864
vari-grip/good/Fotos 20-10-2020_DJI_0211_vari_grip_633,0.4880704109807432,0.0002206308501107035,-0.0021512465817587756,0.0,0.0,0.7142857142857144,-0.00719309704644343
vari-grip/good/Fotos 20-10-2020_DJI_0238_vari_grip_641,-0.4839556810673038,-0.003522038459777832,-0.0060299634933471125,0.1428571428571429,0.1428571428571429,2.7142857142857144,-0.005916919027056011
vari-grip/good/Fotos 20-10-2020_DJI_0243_vari_grip_648,-0.09641580177921938,0.0017547437122890086,-0.0017251702291625481,0.2857142857142857,0.2857142857142857,-0.2857142857142858,0.0008770482880728289
vari-grip/good/Fotos 20-10-2020_DJI_0244_vari_grip_651,-0.036848019491532824,-0.0020496249198913574,0.0008486618420907588,-0.2857142857142857,-0.2857142857142857,-1.8571428571428572,0.0007829580988203036
vari-grip/good/Fotos 20-10-2020_DJI_0245_vari_grip_653,-0.20231956269482865,0.00012848206928794959,0.0033968133585793314,0.1428571428571428,0.1428571428571428,-0.1428571428571428,0.0003535066332135651
vari-grip/good/Fotos 20-10-2020_DJI_0255_vari_grip_658,0.0659457730096129,0.00038830723081317853,-0.0017135308257170967,0.0,0.0,0.0,-4.1067600250228637e-05
vari-grip/good/Fotos 20-10-2020_DJI_0255_vari_grip_659,-0.25813951143526737,-4.6976975032198e-05,-0.00028785743883677495,0.0,0.1428571428571429,-1.1428571428571428,0.00035773004804339967
vari-grip/good/Fotos 20-10-2020_DJI_0256_vari_grip_660,0.34557766537939827,-0.0004961150033133688,-0.0016209025468145177,0.1428571428571428,0.1428571428571428,-1.2857142857142856,0.001292322363172242
vari-grip/good/Fotos 20-10-2020_DJI_0265_vari_grip_586,0.19394523842516165,0.00427654811314182,-0.0064314018402781,0.0,0.0,-0.1428571428571428,0.00011773620332992523
vari-grip/good/Fotos 20-10-2020_DJI_0268_vari_grip_589,-0.46914923362503913,0.003362161772591743,-0.0013694678034101293,-0.1428571428571429,-0.1428571428571429,0.5714285714285714,-0.0006263170923505273
vari-grip/good/Fotos 20-10-2020_DJI_0282_vari_grip_590,-0.33388926620160575,-0.004339371408734971,0.003473878971167965,-0.14285714285714285,-0.28571428571428575,1.8571428571428572,-0.0009607076644897281
vari-grip/good/Fotos 20-11-2020_DJI_0144_vari_grip_697,-0.713129006257077,-0.0027255075318471933,-0.005003666771309728,0.14285714285714285,0.0,-2.0,0.0013023189135960003
vari-grip/good/Fotos 20-11-2020_DJI_0171_vari_grip_687,-0.08273347953640808,0.0024739589009966645,-0.015426578798464374,-0.1428571428571428,-0.1428571428571429,0.857142857142857,-0.010710895061492885
vari-grip/good/Fotos 20-11-2020_DJI_0172_vari_grip_689,0.42749850122999433,0.0009736674172536874,-0.014520313590765,0.0,0.0,0.14285714285714302,-0.002528897353581012
vari-grip/good/Fotos 20-11-2020_DJI_0275_vari_grip_672,0.07527822951823637,9.954827172420355e-05,-0.0001416592193501237,0.0,0.0,0.0,0.0006318603243146567
vari-grip/good/Fotos 22-10-2020_DJI_0858_vari_grip_718,0.09057517720327724,0.007299951144627115,-0.004043146967887906,0.0,0.0,-0.8571428571428577,0.0027634416307721578
vari-grip/good/Fotos 22-10-2020_DJI_0864_vari_grip_724,0.28529076255260577,-0.00025085040501182654,-0.00753091807876316,-0.1428571428571429,-0.1428571428571429,1.0,-0.002355737345559243
vari-grip/good/Fotos 22-10-2020_DJI_0864_vari_grip_725,0.10238964614962498,-0.009388123239789659,-0.0025230252317019752,0.2857142857142857,0.2857142857142857,1.714285714285714,0.007428143705640486
vari-grip/good/Fotos 22-10-2020_DJI_0880_vari_grip_734,-0.08023545770062412,0.0013218266623360453,0.009431420160191384,0.0,0.0,0.7142857142857135,-0.0007173504148210723
vari-grip/good/Fotos 23-11-2020_DJI_0143_vari_grip_783,-0.1532969540602167,0.002785759312765923,-0.004841291744794196,0.0,0.1428571428571428,-1.2857142857142858,0.008344641753605445
vari-grip/good/Fotos 23-11-2020_DJI_0177_vari_grip_782,-0.5107291930418292,1.1614390781899964e-05,-0.0007081772865993596,0.0,0.0,0.0,3.49112919398596e-05
vari-grip/good/Fotos 23-11-2020_DJI_0209_vari_grip_777,-0.10711600823887935,-0.002939283847808838,0.007413661905697422,-0.1428571428571428,-0.1428571428571428,0.1428571428571428,-0.003621893269675102
vari-grip/good/Fotos 24-11-2020_DJI_0101_vari_grip_837,-0.24080242891114523,-0.0014890006610325246,0.010981693331684361,0.42857142857142855,0.42857142857142855,0.7142857142857135,-0.002821028232574489
vari-grip/good/Fotos 24-11-2020_DJI_0243_vari_grip_827,-1.2858966903939546,-0.017242695604051783,0.003541819751262665,0.1428571428571429,0.1428571428571429,1.4285714285714306,-0.0158229789563588
vari-grip/good/Fotos 24-11-2020_DJI_0244_vari_grip_830,-0.07324366440484908,-0.01268281255449577,-0.007178075611591395,0.14285714285714285,0.14285714285714285,-2.2857142857142856,0.004644717488970072
vari-grip/good/Fotos 25-11-2020_DJI_0208_vari_grip_862,0.3317221613382948,-0.00031681571687969257,-0.009161445179155875,0.1428571428571429,0.1428571428571429,-0.7142857142857142,0.0013976608003888856
vari-grip/good/Fotos 26-11-2020_DJI_0213_vari_grip_904,-0.4222514993942177,-0.0021910667419433594,-0.005967108266694221,0.0,0.0,2.2857142857142865,-0.013942258698599646
vari-grip/good/Fotos 26-11-2020_DJI_0213_vari_grip_905,0.05767457514395957,0.003874710627964628,-0.001580175544534379,0.0,0.0,-0.14285714285714302,0.0009148120880126866
vari-grip/good/Fotos 27-11-2020_DJI_0421_vari_grip_934,0.7417872775149803,0.002046440328870469,-0.0033937564917973506,-0.2857142857142857,-0.2857142857142857,3.285714285714286,-0.003776192665100085
vari-grip/good/Fotos 27-11-2020_DJI_0421_vari_grip_935,0.34971987401264926,-6.184407642906287e-05,-0.0037934468793017484,0.0,0.0,-0.5714285714285712,0.0008878452437264539
vari-grip/good/Fotos 27-11-2020_DJI_0422_vari_grip_937,0.2862920182137181,-0.006829891886030004,-0.008898844144173995,0.0,0.1428571428571428,0.4285714285714288,-0.00024686540876117186
vari-grip/good/Fotos 30-11-2020_DJI_0033_vari_grip_1007,0.03165071268206887,-0.00044265815189903357,-0.002927139933620204,0.0,0.0,0.714285714285714,-0.0076571873256138425
vari-grip/good/Fotos 30-11-2020_DJI_0193_vari_grip_996,0.18898398263369742,0.001258117812020454,-0.009067279951913032,0.0,0.0,1.5714285714285712,-0.00346173558916363
vari-grip/good/Fotos 30-11-2020_DJI_0437_vari_grip_975,-0.5871792304749945,-0.0013997043882096882,0.007727294628109269,0.0,0.0,0.0,0.0006119438580104025
vari-grip/good/Fotos 30-11-2020_DJI_0438_vari_grip_976,-0.3801290506361319,-0.0004259092467171488,-0.005144597164222164,0.0,0.0,0.0,-0.0006706970078604567
vari-grip/good/Fotos 30-11-2020_DJI_0501_vari_grip_969,0.24444228344079377,0.0005145072937011719,-0.004793986678123474,0.0,0.0,0.0,1.950774874005335e-05
vari-grip/good/Fotos 30-11-2020_DJI_0561_vari_grip_964,0.15642441758941317,-2.9878956930962097e-05,-0.0031884759664535522,0.0,0.0,0.0,0.0002864769526890283
vari-grip/rust/01-06-2021_DJI_0030_6_0,0.5475153860593771,0.0002938253538948832,0.001828680347119041,0.0,0.0,-0.14285714285714324,-0.011119944708687924
vari-grip/rust/01-06-2021_DJI_0030_6_7,0.25168822774303834,-0.017559604985373345,-0.006563945540360022,0.1428571428571428,0.1428571428571428,5.571428571428569,-0.11695193392889838
vari-grip/rust/01-06-2021_DJI_0146_39_2,0.6109065753123701,0.006354723657880479,-0.003977340246949873,-0.14285714285714285,-0.14285714285714285,0.0,-0.018084283385957974
vari-grip/rust/01-06-2021_DJI_0146_39_6,0.19062624221671953,0.0016828519957405863,-0.002357652144772654,0.14285714285714285,0.14285714285714285,-0.5714285714285694,0.041970255119459954
vari-grip/rust/01-06-2021_DJI_0146_40_0,-0.7892168583357915,-0.0004252450806754293,-0.007138123203601139,0.0,0.0,0.0,0.010993438107626818
vari-grip/rust/01-06-2021_DJI_0162_46_6,0.3396443432781062,0.00021838290350784106,0.00019027718475883582,0.2857142857142857,0.0,-1.8571428571428572,0.0005993247032165139
vari-grip/rust/02-06-2021_DJI_0359_261_8,-0.580637289199057,-0.007976736341203883,-0.003927650994488177,0.0,0.0,-4.142857142857141,0.00775982652391706
vari-grip/rust/08-06-2021_DJI_0385_421_2,-0.06573510756978962,0.00198750836508621,-0.004282229979123364,0.0,0.0,-3.9999999999999996,0.033297555787222724
vari-grip/rust/08-06-2021_DJI_0385_421_4,-0.11093033315732725,-0.0017690488270351024,-0.007696306599037972,0.0,0.0,2.857142857142857,-0.019470487322126098
vari-grip/rust/08-06-2021_DJI_0385_421_6,0.21670024814363842,0.0004947440964835348,-0.003811231747801805,-0.1428571428571429,0.0,0.1428571428571428,-0.009712500231606587
vari-grip/rust/08-06-2021_DJI_0385_422,0.22870789240841916,-0.003620743751525879,-0.003348993935755301,-0.1428571428571429,-0.1428571428571429,-0.4285714285714284,0.05874072653906685
vari-grip/rust/08-06-2021_DJI_0385_422_0,0.2404556146571828,0.002740195819309843,-0.0070362389087677,0.28571428571428575,0.28571428571428575,-1.4285714285714235,0.008467478411538248
vari-grip/rust/08-06-2021_DJI_0385_422_5,-0.09259955951954169,0.00010457209178371674,-0.000893006899527149,0.0,-0.1428571428571429,0.14285714285714302,-0.0014673982347760735
vari-grip/rust/09-06-2021_DJI_0466_568,-0.08736802696122581,-0.005155614444187662,-0.007975641105856218,-0.1428571428571429,-0.1428571428571429,3.428571428571429,-0.00278511217662268
vari-grip/rust/09-06-2021_DJI_0466_568_6,-0.5384867906269761,-0.005942872592381021,-0.005852659365960508,-0.1428571428571429,-0.2857142857142857,3.1428571428571423,-0.002800941467285155
vari-grip/rust/09-06-2021_DJI_0467_570_2,-0.12942954068552126,-0.0027180484363010793,-0.0047249245856489375,-0.1428571428571428,-0.1428571428571428,0.4285714285714284,-0.00405332020350863
vari-grip/rust/09-06-2021_DJI_0467_570_4,-0.06248838358573039,-0.0003199151584080129,-0.0010677820869854637,0.0,0.0,0.0,-0.0005324568067278145
vari-grip/rust/10-06-2021_DJI_0018_611,-0.19511173750881028,-0.0010024564606803121,-0.00663068198731967,0.1428571428571428,0.0,0.0,-0.00016379356384278601
vari-grip/rust/10-06-2021_DJI_0018_611_1,0.28790291478719965,-0.0011393342699322906,-0.0016753950289317698,0.1428571428571428,0.0,-0.5714285714285714,0.002289465495518242
vari-grip/rust/10-06-2021_DJI_0018_611_7,-0.6177503165085767,-0.006692239216395723,-0.005206255907458934,0.0,0.0,0.0,-0.00019785336085725706
vari-grip/rust/10-06-2021_DJI_0019_613_5,0.004628982020712158,-0.0012669307844979105,-0.0017258607383284774,0.0,0.0,0.0,0.0005366972514561424
vari-grip/rust/11-06-2021_DJI_0479_11_6,0.4126968513877962,0.005510142871311685,-0.0045514128037861395,0.2857142857142857,0.2857142857142857,-4.857142857142858,0.015780006136213012
vari-grip/rust/11-06-2021_DJI_0479_11_7,-0.3243619964715627,-0.00039505107062198785,-0.0018815754779747673,0.28571428571428575,0.28571428571428575,-1.7142857142857149,0.0096224461283002
vari-grip/rust/11-06-2021_DJI_0479_11_8,0.4056160559007971,0.0028739656720842,-0.010346009262970496,-0.28571428571428575,0.0,1.2857142857142856,-0.0014680879456655995
vari-grip/rust/15-06-2021_DJI_0118_741,0.1676948615908067,0.0013176798820495605,-0.01675791027290481,-0.1428571428571429,0.0,0.4285714285714286,-0.01805049180984495
vari-grip/rust/Fotos 23-10-2020_DJI_0029_vari_grip_745_7,-0.03921526710794865,-0.0007553781781877156,0.002381879836320877,0.1428571428571429,0.0,-0.1428571428571428,-0.002136775425502273
vari-grip/rust/Fotos 23-10-2020_DJI_0031_vari_grip_748_0,-0.10232402840300736,0.0005580953189304738,0.004898030310869217,0.0,0.0,1.2857142857142856,-0.0007275938987731708
vari-grip/rust/Fotos 23-10-2020_DJI_0031_vari_grip_748_7,-0.16398640371233242,9.91650990077586e-05,0.006500356165426102,-0.2857142857142857,-0.2857142857142857,-3.0,0.001062427248273587
vari-grip/rust/Fotos 23-10-2020_DJI_0032_vari_grip_750,0.3451550649284414,0.0038209812981742086,-0.010177560150623377,-0.1428571428571429,0.0,0.0,-0.00027021339961460014
vari-grip/rust/Fotos 23-10-2020_DJI_0032_vari_grip_750_3,0.07478008553754734,-0.006005798067365453,-0.001426640764943199,0.0,0.0,-1.0,-0.0023854204586573995
vari-grip/rust/Fotos 23-10-2020_DJI_0034_vari_grip_751_0,-0.11654050037658337,0.00021604129246310944,-0.002862915928874693,0.1428571428571428,0.0,0.4285714285714284,0.0012757607868739288
vari-grip/rust/Fotos 23-10-2020_DJI_0034_vari_grip_752,-0.18218494938044927,0.00014144182205200195,0.00038747861981391907,0.1428571428571429,0.0,-1.1428571428571428,0.0013535363333566
vari-grip/rust/Fotos 23-10-2020_DJI_0034_vari_grip_752_7,0.22895895075991035,0.0007316810744149027,-0.007154002519590474,0.0,0.0,-0.8571428571428568,0.001936401639665887
vari-grip/rust/Fotos 23-10-2020_DJI_0035_vari_grip_753_4,-0.6029981561044977,-0.0029606989451816945,-0.012513321824371787,0.0,0.0,0.2857142857142856,-0.0013884987149919712
vari-grip/rust/Fotos 23-10-2020_DJI_0035_vari_grip_753_5,0.13876412217392797,0.003319391182490694,-0.008274082626615248,0.1428571428571428,0.1428571428571428,-1.2857142857142858,0.0017374753952026142
vari-grip/rust/Fotos 23-10-2020_DJI_0038_vari_grip_756_1,0.6007984648308309,0.0029793041093009176,-0.009137777877705422,-0.14285714285714285,-0.14285714285714285,-0.1428571428571428,0.006662964820861834
vari-grip/rust/Fotos 23-10-2020_DJI_0038_vari_grip_756_4,0.16786849158042827,-0.002581340926034126,-0.006998198905161457,0.2857142857142857,0.1428571428571428,-0.5714285714285714,0.0013826659747532282
vari-grip/rust/Fotos 23-10-2020_DJI_0041_vari_grip_757,0.25996512634882407,0.0016462973185947805,-0.017762278871876896,0.0,0.0,5.142857142857143,-0.029343324048178538
vari-grip/rust/Fotos 23-10-2020_DJI_0043_vari_grip_759,0.4045215433795377,0.0024208596774509816,-0.020290573792798167,0.0,0.0,2.857142857142857,-0.0032652531351361844
vari-grip/rust/Fotos 23-10-2020_DJI_0043_vari_grip_760_5,-0.24273856906870606,-0.002591465200696641,-0.0015215038188866464,0.1428571428571428,0.1428571428571428,0.8571428571428577,-0.022214770317077644
vari-grip/rust/Fotos 23-10-2020_DJI_0043_vari_grip_760_8,-0.1949770957109891,-0.01638273681913105,-0.007530665823391458,-0.1428571428571429,-0.1428571428571429,22.571428571428573,-0.14454226036156928
vari-grip/rust/Fotos 23-10-2020_DJI_0047_vari_grip_763_6,0.13364552091495696,0.0018762094633919535,-0.006650412721293242,0.0,0.0,-1.2857142857142856,0.013759170259748217
vari-grip/rust/Fotos 23-10-2020_DJI_0047_vari_grip_764_0,0.02108684265683891,-0.005388239664690819,-0.00525081530213356,0.0,0.0,-4.428571428571431,0.0037459475653511265
vari-grip/rust/Fotos 23-10-2020_DJI_0047_vari_grip_764_1,0.05550178829540897,0.0040519152368818645,-0.005740030535629825,0.14285714285714285,0.14285714285714285,-1.5714285714285716,0.0060289331844874715
vari-grip/rust/Fotos 23-10-2020_DJI_0047_vari_grip_764_3,0.18593863584789005,0.0036219230719974904,-0.0064278111926147075,0.0,0.0,1.1428571428571441,-0.010489182812826972
vari-grip/rust/Fotos 23-10-2020_DJI_0047_vari_grip_764_5,-0.38497147160935086,0.000625440052577475,-0.0010411249739782913,0.0,0.0,-0.5714285714285712,0.0036346912384033147
vari-grip/rust/Fotos 23-10-2020_DJI_0048_vari_grip_765,0.22756656091668148,-0.00333405392510544,0.004678908735513659,-0.1428571428571429,0.0,1.2857142857142856,-0.009925024850027898
vari-grip/rust/Fotos 23-10-2020_DJI_0065_vari_grip_736,-0.06517444175376141,0.0006309066499982086,0.0010049167488302563,0.0,0.0,0.4285714285714284,-0.0008277211870466001
vari-grip/rust/Fotos 23-10-2020_DJI_0065_vari_grip_736_0,0.43212178988171956,0.003453195095062256,7.817681346619643e-05,0.2857142857142857,0.2857142857142857,-4.7142857142857135,0.005280767168317484
vari-grip/rust/Fotos 23-10-2020_DJI_0065_vari_grip_736_5,0.025423395307431207,-0.002681263855525362,0.0011490258787359153,0.0,0.0,3.0,-0.00477197340556553
vari-grip/rust/Fotos 23-10-2020_DJI_0072_vari_grip_737_3,-0.08285496123332692,-0.001250709806169814,0.0005422580455030634,0.0,0.0,0.5714285714285712,-0.0023725117955889297
vari-grip/rust/Fotos 23-10-2020_DJI_0072_vari_grip_737_4,0.23072593084238235,0.00023243256977634186,0.0018732922949961373,0.1428571428571428,0.1428571428571428,-1.0,0.0014385325568062998
vari-grip/rust/Fotos 23-10-2020_DJI_0072_vari_grip_737_6,0.17636060032145195,-0.0009322932788303762,0.0018354920404297648,0.0,0.1428571428571429,-2.2857142857142856,7.297311510342554e-06
vari-grip/rust/Fotos 23-10-2020_DJI_0072_vari_grip_737_8,-0.3706713603142546,-0.012185399021421128,0.0033112274748938464,-0.1428571428571429,-0.1428571428571429,1.4285714285714288,0.0033871872084481718
vari-grip/rust/Fotos 23-10-2020_DJI_0073_vari_grip_738_1,-0.8902141081990393,-0.02096304723194664,0.005708476927663603,0.0,0.0,3.9999999999999996,-0.004019464765276215
vari-grip/rust/Fotos 23-10-2020_DJI_0073_vari_grip_738_2,0.32980350263889235,0.0033933520317077637,-0.007447791152766781,0.1428571428571429,0.1428571428571429,-1.0,0.0005863308906555282
vari-grip/rust/Fotos 23-10-2020_DJI_0074_vari_grip_739_0,0.6750125783608638,0.0037180611065456004,-0.014597987223948769,0.0,0.0,-0.7142857142857144,0.0019210151263645428
vari-grip/rust/Fotos 23-10-2020_DJI_0074_vari_grip_739_3,0.06238020138899003,0.0008306503295898438,-0.005464868087853736,0.2857142857142857,0.0,-0.2857142857142856,0.0021218998091561136
vari-grip/rust/Fotos 23-10-2020_DJI_0113_vari_grip_743_4,-0.20430830634659358,-0.003227217921188963,-0.0033803294811929896,0.14285714285714285,0.0,-6.857142857142858,-0.025116826806749565
vari-grip/rust/Fotos 23-10-2020_DJI_0114_vari_grip_744_1,0.32693592315789743,0.004962870052882651,-0.0066101934228624815,0.4285714285714286,0.2857142857142857,-1.4285714285714286,0.001224339008331257
vari-grip/rust/Fotos 23-10-2020_DJI_0114_vari_grip_744_7,0.6769769394787204,0.005583873816898843,-0.02953711258513586,0.42857142857142855,0.2857142857142857,-2.8571428571428568,0.0032199450901576293
vari-grip/rust/Fotos 23-10-2020_DJI_0114_vari_grip_744_8,-0.8452584253546682,-0.004748565810067329,0.009559266269206987,0.0,0.0,0.4285714285714288,-0.00022615705217634283
