method,cohort,model_family,config_note,group,checkpoint_path,checkpoint_exists,checkpoint_bytes,checkpoint_sha256,config_fingerprint,verifier_fingerprint,result_json,per_image_csv,sources_scores_jsonl,anchor_means,restored_images_saved,aggregate_psnr,aggregate_ssim,aggregate_lpips,aggregate_restored_top1,aggregate_eer,aggregate_auc
A0,ablation_core,siblingrestormer,rec+grad; mode=sibling; 20k,,runs/ablation_core/A0_recon_seed13/best.pt,True,31087308,819ed9b271e44796c037ca7373a3e1fd188a1f36f81dcc878dc45abc6d72daa0,3e729e9f6330,d9b000aeb04d6e5dc64e6eff1fee7fc8c74e486935dd962fbcd1e26462451ae6,True,True,True,True,False,28.441171362224775,0.9428484253127992,0.15629223232489103,0.6462053571428571,0.08415835084033613,0.9710128228537509
B1,ablation_core,siblingrestormer,rec+grad+deg; mode=sibling; 20k,,runs/ablation_core/B1_deg_only_seed13/best.pt,True,31243792,2924dc96b84d41e2feec19e38155dd0ef3a50771c9031334baf601b24775b937,2580c491ef9b,d9b000aeb04d6e5dc64e6eff1fee7fc8c74e486935dd962fbcd1e26462451ae6,True,True,True,True,False,28.74857867785559,0.9464037578810738,0.1464462167680592,0.6735491071428571,0.08038996848739496,0.9744995214882828
B2,ablation_core,siblingrestormer,rec+grad+anchor; mode=sibling; 20k,,runs/ablation_core/B2_anchor_only_seed13/best.pt,True,31087564,4151b7f6bb79e302599f77fe1d4f1b77bfa1bd71cd9c54520a824b4f5d35ea7a,52eb473a8dd9,d9b000aeb04d6e5dc64e6eff1fee7fc8c74e486935dd962fbcd1e26462451ae6,True,True,True,True,False,27.913695892367066,0.9388842689804733,0.163687293723342,0.6434151785714286,0.08838082107843137,0.9700600625992585
A5,ablation_core,siblingrestormer,rec+grad+deg+anchor; mode=sibling; 20k,,runs/ablation_core/A5_no_sibling_seed13/best.pt,True,31244048,221250dc333234802cf51a90517e2780311ea26a59d1bd22d37c93ee9e5165d7,5f2f096d42ac,d9b000aeb04d6e5dc64e6eff1fee7fc8c74e486935dd962fbcd1e26462451ae6,True,True,True,True,False,28.790507863360915,0.9457700604481423,0.1433372255277001,0.6981026785714286,0.07988773634453782,0.9749361548818746
A1,ablation_core,siblingrestormer,rec+grad+sibling; mode=sibling; 20k,,runs/ablation_core/A1_sibling_seed13/best.pt,True,31087308,0abcf95915305af3475f98cccb2778b41e3793f75b56508d460d208b34fb36a9,15308f983821,d9b000aeb04d6e5dc64e6eff1fee7fc8c74e486935dd962fbcd1e26462451ae6,True,True,True,True,False,27.95250147300107,0.9394981930714233,0.157793233605584,0.6456473214285714,0.08904171043417367,0.9699011403877957
A2,ablation_core,siblingrestormer,rec+grad+deg; mode=sibling; 20k,,runs/ablation_core/A2_degradation_seed13/best.pt,True,31243792,e744accbe42e73ecde2a8f707a010ee0c8f5592ee22f170b984f26ca79613830,bc2e56421c8c,d9b000aeb04d6e5dc64e6eff1fee7fc8c74e486935dd962fbcd1e26462451ae6,True,True,True,True,False,28.547774148592108,0.943529418561541,0.14996466018003826,0.6713169642857143,0.083874956232493,0.9725187951157025
A3,ablation_core,siblingrestormer,rec+grad+deg+anchor+sibling; mode=sibling; 20k,,runs/ablation_core/A3_full_components_seed13/best.pt,True,31244048,3600aea0c69342cfb7cf4a8b4f1fe08a98613e962588f380cc49059e926ee144,c7826a5719dc,d9b000aeb04d6e5dc64e6eff1fee7fc8c74e486935dd962fbcd1e26462451ae6,True,True,True,True,False,28.551211792649514,0.9429680762446618,0.14768154233232572,0.6808035714285714,0.08198310574229692,0.9740037775364052
C1,ablation_core,siblingrestormer,rec+grad+adaptive_anchor; mode=sibling; 20k,,runs/ablation_core/C1_adaptive_anchor_only_seed13/best.pt,True,31087692,d0d66ae881cfae55fee40389799783acf8c901285e1e64683d1d9f8a1ee33c2f,13cc4db3edad,d9b000aeb04d6e5dc64e6eff1fee7fc8c74e486935dd962fbcd1e26462451ae6,True,True,True,True,False,28.06915226231867,0.9412310014179509,0.15554726283724968,0.6328125,0.08895089285714286,0.9698414021370266
C2,ablation_core,siblingrestormer,rec+grad+deg+adaptive_anchor; mode=sibling; 20k,,runs/ablation_core/C2_deg_adaptive_anchor_seed13/best.pt,True,31244176,9f2bcb31f3bce5b4c6702619f85f231c35f311c8c290c458637c563c0e431923,6306865bb48f,d9b000aeb04d6e5dc64e6eff1fee7fc8c74e486935dd962fbcd1e26462451ae6,True,True,True,True,False,28.601948621980615,0.9443745616632181,0.15015791142546472,0.6702008928571429,0.08256959033613445,0.973941105983409
dehazeformer,c005,dehazeformer,12k independent,,runs/campaigns/c005_official_group1/dehazeformer/13/best.pt,True,307248662,9d775373ef7ef4f9bef66eb483be04e93839b1c875c1dab91df4294983a60a01,450bafc2e953,d9b000aeb04d6e5dc64e6eff1fee7fc8c74e486935dd962fbcd1e26462451ae6,True,True,True,True,False,28.37168088442346,0.9433459896328193,0.1375604359600402,0.6707589285714286,0.09418658088235293,0.9691912580461872
restormer,c005,restormer,12k independent,,runs/campaigns/c005_official_group2/restormer/13/best.pt,True,314057174,cdc94e587131c2afc4028cadd14c9ff25b0a6bb4ce526b6aabcf77ecacb9ec15,3b6efe79cfcc,d9b000aeb04d6e5dc64e6eff1fee7fc8c74e486935dd962fbcd1e26462451ae6,True,True,True,True,False,28.10455210013269,0.943308229890785,0.14961439062972204,0.65625,0.09017528886554621,0.9701628234301534
promptir,c005,promptir,12k independent,,runs/campaigns/c005_official_group2/promptir/13/best.pt,True,425974782,fce760bb5b3f76e71a5f335865566352addbce5d45fb10762d8d70a19b75e1bb,d9df3100581c,d9b000aeb04d6e5dc64e6eff1fee7fc8c74e486935dd962fbcd1e26462451ae6,True,True,True,True,False,27.525529067921436,0.938064118498005,0.15789028613549558,0.6333705357142857,0.09438681722689077,0.9674084306574192
ours_dim48_anchor,c005,siblingrestormer,12k independent,,runs/campaigns/c005_official_group3/ours_dim48_anchor/13/best.pt,True,31244176,75f34474ef1213c10414e1f9f3983d61e84fc9cc4bb108c9fc14f2ee0c8a69d6,186813f72b56,d9b000aeb04d6e5dc64e6eff1fee7fc8c74e486935dd962fbcd1e26462451ae6,True,True,True,True,False,28.71916017330395,0.9450241362168786,0.14656201070855396,0.6785714285714286,0.08269432773109243,0.9734646409833465
ours_dim64_anchor,c005,siblingrestormer,12k independent,,runs/campaigns/c005_official_group1/ours_dim64_anchor/13/best.pt,True,54949392,e0f2184ae81aa1907ae938cb8218f95e413ce1ba8a271e483855bac342291c60,8e30144b66ab,d9b000aeb04d6e5dc64e6eff1fee7fc8c74e486935dd962fbcd1e26462451ae6,True,True,True,True,False,28.114100835923207,0.9429189935243423,0.14404761495435586,0.6702008928571429,0.0849078693977591,0.9724052621536896
airnet,c005,airnet,12k independent,,runs/campaigns/c005_official_group1/airnet/13/best.pt,True,88001810,386282930220a4542d5541c15c70de9e6a458967a9ce792c9436e33c1cbe30f3,d80c75c84e35,d9b000aeb04d6e5dc64e6eff1fee7fc8c74e486935dd962fbcd1e26462451ae6,True,True,True,True,False,24.785077701358254,0.8792937735478128,0.20643444694204455,0.44419642857142855,0.13566176470588234,0.9394964785230498
clearair,c005,clearair,12k independent,,runs/campaigns/c005_official_group1/clearair/13/best.pt,True,375790838,e6b40930cb856dc2ed10d99e22869fb87887bd0daed01a03c029b9f814aa06aa,6150a90e8c5c,d9b000aeb04d6e5dc64e6eff1fee7fc8c74e486935dd962fbcd1e26462451ae6,True,True,True,True,False,21.06954854465008,0.8359848560981585,0.28755421227937666,0.2583705357142857,0.18961944152661064,0.8917385838612789
dfpir,c005,dfpir,12k independent,,runs/campaigns/c005_official_group1/dfpir/13/best.pt,True,314069334,dfa4d7c6cf4cbf550ceadfee7ca4dea5cb39a0c2c06f1a262542fdb1b7e9f97f,d6d6689955cc,d9b000aeb04d6e5dc64e6eff1fee7fc8c74e486935dd962fbcd1e26462451ae6,True,True,True,True,False,27.276238865314813,0.9322792567753433,0.17173890559206484,0.5954241071428571,0.09983696603641457,0.9625452024071347
ffanet,c005,ffanet,12k independent,,runs/campaigns/c005_official_group1/ffanet/13/best.pt,True,12899852,cdbe92d4fc9506cddbe087b5634f8de92104a403d00785baad8e472f70e04fe3,63dfb70727ac,d9b000aeb04d6e5dc64e6eff1fee7fc8c74e486935dd962fbcd1e26462451ae6,True,True,True,True,False,26.61209595666261,0.920599325846914,0.20580611324424222,0.5301339285714286,0.10818561799719888,0.9556736549600309
grl,c005,grl,12k independent,,runs/campaigns/c005_official_group3/grl/13/best.pt,True,67837666,4a5f17626df964ea204c9235a13d61ac3ed780e8182402bdfbd0f9e8f7e39236,47986eca8d0a,d9b000aeb04d6e5dc64e6eff1fee7fc8c74e486935dd962fbcd1e26462451ae6,True,True,True,True,False,20.432684421057395,0.7615321134716007,0.3501805445770775,0.3091517857142857,0.1678002450980392,0.9090999436884128
prenet,c005,prenet,12k independent,,runs/campaigns/c005_official_group1/prenet/13/best.pt,True,5621196,ce83f215be021b5c8354c47a19e246c81bf0c6d7f52e98a77d5a3df86017fbdd,e3404f250dcf,d9b000aeb04d6e5dc64e6eff1fee7fc8c74e486935dd962fbcd1e26462451ae6,True,True,True,True,False,24.38342098844339,0.8733188409449733,0.2359899210153214,0.37109375,0.1660484506302521,0.9131609272126819
r2r,c005,r2r,12k independent,,runs/campaigns/c005_official_group1/r2r/13/best.pt,True,123981462,7f293730d0e08971540ac2ee96d9005bf6efeaf406f464e461dad4b6122d3cde,832830207608,d9b000aeb04d6e5dc64e6eff1fee7fc8c74e486935dd962fbcd1e26462451ae6,True,True,True,True,False,26.15362211063312,0.9175517466335025,0.23591689489226805,0.5518973214285714,0.11173735119047619,0.9553943659983525
swinir,c005,swinir,12k independent,,runs/campaigns/c005_official_group1/swinir/13/best.pt,True,240135686,e355ba1c50ee28be5dce9c31438f93b2bea52287a1525858ae8a1497d999055b,a498a51b0370,d9b000aeb04d6e5dc64e6eff1fee7fc8c74e486935dd962fbcd1e26462451ae6,True,True,True,True,False,24.778972330324898,0.8850358005189004,0.23104043786796474,0.3911830357142857,0.15905659138655462,0.9194156019341331
transweather,c005,transweather,12k independent,,runs/campaigns/c005_official_group1/transweather/13/best.pt,True,454616910,f752218e787d6c09c744186ea897b468d4b6292c13d19c81fc3d800e662e9077,28eb9dd0d5d7,d9b000aeb04d6e5dc64e6eff1fee7fc8c74e486935dd962fbcd1e26462451ae6,True,True,True,True,False,23.790695205456093,0.8780781027661371,0.2744686950630109,0.31808035714285715,0.15224527310924368,0.9254425061040041
uformer,c005,uformer,12k independent,,runs/campaigns/c005_official_group1/uformer/13/best.pt,True,248492494,99b434a0782cbb87b8189fe70bc5460e6a5230cc808c76105910f162ad29cf1d,a016377c01b4,d9b000aeb04d6e5dc64e6eff1fee7fc8c74e486935dd962fbcd1e26462451ae6,True,True,True,True,False,25.614083961883818,0.9096943905647744,0.2152858311429944,0.48828125,0.13828672093837535,0.9366054307465174
M3_alcrb,psnr_modules_12k,siblingrestormer,"12k, formal, M3 ALCRB",,runs/psnr_modules_12k/M3_alcrb/13/best.pt,True,31378868,34ab20a22eac93b183efd4d5f6a73b5a4e83cfb39cc54187e786f1bf61102c9d,7fecea956994,d9b000aeb04d6e5dc64e6eff1fee7fc8c74e486935dd962fbcd1e26462451ae6,True,True,True,True,False,28.047808268134208,0.937202477856772,0.1675746661255419,0.6316964285714286,0.09393820028011204,0.9667831488063976
m3_alcrb_safe_seed13,psnr_safe_refine,siblingrestormer,"12k, safe-refine (M3 init)",,weights/psnr_safe_refine/m3_alcrb_safe_seed13/best.pt,True,31447996,70fa82f52e39234ecb113873688cba55eaf95ba68a2501b90169941719d6cd58,e8de763ce911,d9b000aeb04d6e5dc64e6eff1fee7fc8c74e486935dd962fbcd1e26462451ae6,True,True,True,True,False,28.82280845818877,0.945362893091182,0.14420020823568588,0.6802455357142857,0.0837327118347339,0.972921806662118
